{
    "version": "1.1.2",
    "project": {
        "name": "cs675-2020-hw3",
        "directory": "/media/sivaraj/Studies & Soft/0. IITK/2nd Sem/Secure System/Assignment/Assignment-3/cs675-2020-hw3",
        "workspaceDir": "/media/sivaraj/Studies & Soft/0. IITK/2nd Sem/Secure System/Assignment/Assignment-3/cs675-2020-hw3",
        "sources": [
            "/media/sivaraj/Studies & Soft/0. IITK/2nd Sem/Secure System/Assignment/Assignment-3/cs675-2020-hw3/src/main/scala-2.11",
            "/media/sivaraj/Studies & Soft/0. IITK/2nd Sem/Secure System/Assignment/Assignment-3/cs675-2020-hw3/src/main/scala",
            "/media/sivaraj/Studies & Soft/0. IITK/2nd Sem/Secure System/Assignment/Assignment-3/cs675-2020-hw3/src/main/java",
            "/media/sivaraj/Studies & Soft/0. IITK/2nd Sem/Secure System/Assignment/Assignment-3/cs675-2020-hw3/target/scala-2.11/src_managed/main"
        ],
        "dependencies": [
            
        ],
        "classpath": [
            "/media/sivaraj/Studies & Soft/0. IITK/2nd Sem/Secure System/Assignment/Assignment-3/cs675-2020-hw3/lib/com.microsoft.z3.jar",
            "/media/sivaraj/Studies & Soft/0. IITK/2nd Sem/Secure System/Assignment/Assignment-3/cs675-2020-hw3/lib/libz3java.so",
            "/home/sivaraj/.ivy2/cache/org.scala-lang/scala-library/jars/scala-library-2.11.6.jar"
        ],
        "out": "/media/sivaraj/Studies & Soft/0. IITK/2nd Sem/Secure System/Assignment/Assignment-3/cs675-2020-hw3/.bloop/cs675-2020-hw3",
        "classesDir": "/media/sivaraj/Studies & Soft/0. IITK/2nd Sem/Secure System/Assignment/Assignment-3/cs675-2020-hw3/.bloop/cs675-2020-hw3/scala-2.11/classes",
        "resources": [
            "/media/sivaraj/Studies & Soft/0. IITK/2nd Sem/Secure System/Assignment/Assignment-3/cs675-2020-hw3/src/main/resources",
            "/media/sivaraj/Studies & Soft/0. IITK/2nd Sem/Secure System/Assignment/Assignment-3/cs675-2020-hw3/target/scala-2.11/resource_managed/main"
        ],
        "scala": {
            "organization": "org.scala-lang",
            "name": "scala-compiler",
            "version": "2.11.6",
            "options": [
                
            ],
            "jars": [
                "/home/sivaraj/.ivy2/cache/org.scala-lang/scala-compiler/jars/scala-compiler-2.11.6.jar",
                "/home/sivaraj/.ivy2/cache/org.scala-lang/scala-library/jars/scala-library-2.11.6.jar",
                "/home/sivaraj/.ivy2/cache/org.scala-lang/scala-reflect/jars/scala-reflect-2.11.6.jar",
                "/home/sivaraj/.ivy2/cache/org.scala-lang.modules/scala-xml_2.11/bundles/scala-xml_2.11-1.0.3.jar",
                "/home/sivaraj/.ivy2/cache/org.scala-lang.modules/scala-parser-combinators_2.11/bundles/scala-parser-combinators_2.11-1.0.3.jar",
                "/home/sivaraj/.ivy2/cache/jline/jline/jars/jline-2.12.1.jar"
            ],
            "analysis": "/media/sivaraj/Studies & Soft/0. IITK/2nd Sem/Secure System/Assignment/Assignment-3/cs675-2020-hw3/target/streams/compile/bloopAnalysisOut/$global/streams/inc_compile_2.11.zip",
            "setup": {
                "order": "mixed",
                "addLibraryToBootClasspath": true,
                "addCompilerToClasspath": false,
                "addExtraJarsToClasspath": false,
                "manageBootClasspath": true,
                "filterLibraryFromClasspath": true
            }
        },
        "java": {
            "options": [
                
            ]
        },
        "test": {
            "frameworks": [
                {
                    "names": [
                        "org.scalacheck.ScalaCheckFramework"
                    ]
                },
                {
                    "names": [
                        "org.specs2.runner.Specs2Framework",
                        "org.specs2.runner.SpecsFramework"
                    ]
                },
                {
                    "names": [
                        "org.specs.runner.SpecsFramework"
                    ]
                },
                {
                    "names": [
                        "org.scalatest.tools.Framework",
                        "org.scalatest.tools.ScalaTestFramework"
                    ]
                },
                {
                    "names": [
                        "com.novocode.junit.JUnitFramework"
                    ]
                }
            ],
            "options": {
                "excludes": [
                    
                ],
                "arguments": [
                    
                ]
            }
        },
        "platform": {
            "name": "jvm",
            "config": {
                "home": "/usr/lib/jvm/java-11-openjdk-amd64",
                "options": [
                    "-Djava.library.path=./lib",
                    "-Dtest=forked"
                ]
            },
            "mainClass": [
                
            ]
        },
        "resolution": {
            "modules": [
                {
                    "organization": "org.scala-lang",
                    "name": "scala-library",
                    "version": "2.11.6",
                    "artifacts": [
                        {
                            "name": "scala-library",
                            "path": "/home/sivaraj/.ivy2/cache/org.scala-lang/scala-library/jars/scala-library-2.11.6.jar"
                        },
                        {
                            "name": "scala-library",
                            "classifier": "sources",
                            "path": "/home/sivaraj/.ivy2/cache/org.scala-lang/scala-library/srcs/scala-library-2.11.6-sources.jar"
                        }
                    ]
                }
            ]
        }
    }
}